conversation_id_str,created_at,favorite_count,full_text,id_str,image_url,in_reply_to_screen_name,lang,location,quote_count,reply_count,retweet_count,tweet_url,user_id_str,username
2039130601471775232.00000000000000000000,Tue Mar 31 23:59:55 +0000 2026,0,Ini belum dibenerin juga min @PT_Transjakarta ? Kasihan lho petugasnya. Itu foto kemarin td saya lewat jg masih rusak cuma ga foto aja. D cek lah itu ganggu flow lho. Lokasi halte Rasuna Said https://t.co/6WF9iKwJQk https://t.co/Azd1OFPQic,2039130601471775232.00000000000000000000,https://pbs.twimg.com/media/HExyeAqbEAAHZyB.jpg,,in,,0,1,0,https://x.com/undefined/status/2039130601471775215,97810286,
2039108614779265536.00000000000000000000,Tue Mar 31 22:32:33 +0000 2026,1,#INFOTRANSJAKARTA | Layanan Mikrotrans JAK 07: Tanah abang - Grogol via Tawakal mengalami pengalihan rute karena adanya penutupan jalan di sekitar Jl Kota bambu Utara. Sementara tidak melayani bus stop Jl Sawo Tomang 2 s/d Simpang Semangka 1. Pantau informasi terkini layanan,2039108614779265536.00000000000000000000,,,in,,0,1,0,https://x.com/undefined/status/2039108614779265428,104556071,
2038920596076007680.00000000000000000000,Tue Mar 31 10:05:26 +0000 2026,5,Perjalananmu GRATIS buat naik TJ KRL LRT &amp; MRT Pakai QRIS Tap Aplikasi ShopeePay! Pastikan kamu memiliki saldo min. 25RB di akun ShopeePay-mu). Promo Diskon 100% s.d. 20RB berlaku untuk 3x/pengguna/bulan. Jangan khawatir karena perjalananmu selanjutnya pasti dapat Cashback https://t.co/D9WA2U48yq,2038920596076007680.00000000000000000000,https://pbs.twimg.com/ext_tw_video_thumb/2038920520549191680/pu/img/bH4YG7BH4LKY32Vz.jpg,,in,,0,2,1,https://x.com/undefined/status/2038920596076007590,1290148463087296512.00000000000000000000,
2039050393804808448.00000000000000000000,Tue Mar 31 18:41:12 +0000 2026,1,#INFOTRANSJAKARTA | Koridor 1: Blok M - Kota mengalami pengalihan rute dikarenakan adanya perbaikan jalan di jalur Halte Kebon Sirih. Sementara arah Blok M tidak melayani Halte Kebon Sirih. Pantau informasi terkini layanan Transjakarta melalui X: pt_transjakarta instagram: https://t.co/NqFHwCMj0j,2039050393804808448.00000000000000000000,https://pbs.twimg.com/media/HEwpfTnbUAAGJ8_.jpg,,in,,0,0,0,https://x.com/undefined/status/2039050393804808365,104556071,
2039054968334819584.00000000000000000000,Tue Mar 31 18:59:22 +0000 2026,2,#INFOTRANSJAKARTA | Koridor 2: Pulo Gadung - Monumen Nasional mengalami pengalihan rute dikarenakan adanya pekerjaan perbaikan jalan di sekitar halte Pedongkelan. Sementara arah Monumen Nasional tidak melayani Halte Pedongkelan. Pantau informasi terkini layanan Transjakarta,2039054968334819584.00000000000000000000,,,in,,0,0,0,https://x.com/undefined/status/2039054968334819533,104556071,
2039071356051243264.00000000000000000000,Tue Mar 31 20:04:30 +0000 2026,2,#INFOTRANSJAKARTA | Koridor 4: Pulo Gadung - Galunggung di Halte Pasar Rumput dan Halte Manggarai arah Pulo Gadung beroperasi kembali melayani pelanggan tanpa pengalihan. Pantau informasi terkini layanan Transjakarta melalui X: pt_transjakarta instagram: infotije https://t.co/MJ3ILxpf2K,2039071356051243264.00000000000000000000,https://pbs.twimg.com/media/HEw8je3aIAAF5dD.jpg,,in,,0,0,0,https://x.com/undefined/status/2039071356051243267,104556071,
2039113426816082432.00000000000000000000,Tue Mar 31 23:34:40 +0000 2026,0,@shwanre @shwanre Hai Kak silakan naik koridor 7 arah Kampung Melayu dan turun di Halte Cawang Sentral. Kemudian naik koridor 9 arah Pluit turun di Halte Pancoran Tugu. Kemudian berpindah ke Bus Stop Santo Lukas naik rute 4B arah UI turun di Bus Stop St. Tj. Barat 1. Terima kasih ^LL,2039124248976036096.00000000000000000000,,shwanre,in,,0,1,0,https://x.com/undefined/status/2039124248976036097,104556071,
2039086579529208320.00000000000000000000,Tue Mar 31 21:04:59 +0000 2026,1,#INFOTRANSJAKARTA | Koridor 4: Pulo Gadung - Galunggung di Halte Matraman arah Galunggung saat ini sudah beroperasi normal kembali melayani pelanggan tanpa pengalihan. Pantau informasi terkini layanan Transjakarta melalui X: pt_transjakarta instagram: infotije pt_transjakarta,2039086579529208320.00000000000000000000,,,in,,0,0,0,https://x.com/undefined/status/2039086579529208251,104556071,
2039110781036642304.00000000000000000000,Tue Mar 31 22:52:41 +0000 2026,0,@likeastar12_ @likeastar12_ Hai kak. Kami sangat prihatin dengan apa yang terjadi dan sangat serius dalam menangani insiden ini akan segera dilakukan investigasi dan mengambil tindakan terhadap pramudi tersebut. Berikut nomor pelaporannya TJ-TIC04260000031. Terima kasih. ^ZN,2039113682303815680.00000000000000000000,,likeastar12_,in,,0,0,0,https://x.com/undefined/status/2039113682303815706,104556071,
2039119615616503808.00000000000000000000,Tue Mar 31 23:24:05 +0000 2026,0,@ris_fer @ris_fer Hai Kak. Mohon maaf atas ketidaknyamanannya. Keluhan yang disampaikan akan menjadi perhatian serta bahan evaluasi untuk meningkatkan kualitas layanan Transjakarta. Terima kasih ^LL,2039121583026122752.00000000000000000000,,ris_fer,in,,0,0,0,https://x.com/undefined/status/2039121583026122792,104556071,
2039108614779265536.00000000000000000000,Tue Mar 31 22:59:10 +0000 2026,0,@Sigit155430 @Sigit155430 Hai Kak. Layanan Rute JAK.54 Pospol Bendungan Hilir- Term. Hrogol beroperasi setiap hari mulai pukul 05:00 - 22:00 WIB. Untuk informasi rute tracking bus dan perencanaan perjalanan dapat diakses melalui aplikasi TJ:Transjakarta. Terima kasih. ^ZN https://t.co/7QNBlHz2Ki,2039115312440942848.00000000000000000000,https://pbs.twimg.com/media/HExkkijbgAAxwua.jpg,Sigit155430,in,,0,0,0,https://x.com/undefined/status/2039115312440942945,104556071,
2039091156949377280.00000000000000000000,Tue Mar 31 21:23:10 +0000 2026,3,#INFOTRANSJAKARTA | Koridor 1: Blok M - Kota di Halte Kebon Sirih arah Blok M saat ini sudah beroperasi normal kembali melayani pelanggan tanpa pengalihan. Pantau informasi terkini layanan Transjakarta melalui X: pt_transjakarta instagram: infotije pt_transjakarta ataupun https://t.co/XNcHKO4Qp8,2039091156949377280.00000000000000000000,https://pbs.twimg.com/media/HExOld4bYAAEJdm.jpg,,in,,0,0,0,https://x.com/undefined/status/2039091156949377206,104556071,
2039114981254517248.00000000000000000000,Tue Mar 31 22:57:51 +0000 2026,1,#INFOTRANSJAKARTA | Koridor 2: Pulo Gadung - Monumen Nasional di halte Pedongkelan arah Monumen Nasional saat ini sudah beroperasi normal kembali melayani pelanggan tanpa pengalihan. Pantau informasi terkini layanan Transjakarta melalui X pt_transjakarta instagram: infotije ,2039114981254517248.00000000000000000000,,,in,,0,1,0,https://x.com/undefined/status/2039114981254517177,104556071,
2038936856512073728.00000000000000000000,Tue Mar 31 11:10:02 +0000 2026,9,Transjakarta terus memperkuat layanannya di usianya memasuki 12 tahun ini. Dengan 1 4 juta pelanggan setiap harinya Transjakarta memperluas rutenya hingga ke kota-kota penunjang lainnya. Total ada 18 rute yang dilewati oleh Transjabodetabek dari Cikarang hingga Bandara https://t.co/OlLIJfsK9g,2038936856512073728.00000000000000000000,https://pbs.twimg.com/media/HEvCP-fbwAAXdwJ.jpg,,in,,0,1,3,https://x.com/undefined/status/2038936856512073738,166014938,
2038855292063268864.00000000000000000000,Tue Mar 31 05:45:56 +0000 2026,133,Rekomendasi tongseng favorit di Jakarta! Salah satunya ini : Tongseng Solo Pak Min Sunter Jl. Danau Agung 2 No.11 RT.8/RW.16 Sunter Agung Kec. Tj. Priok Jkt Utara Daerah Khusus Ibukota Jakarta 14350 ⏰ 10.00 23.55 Halal . ig/jakarta_foodie https://t.co/TCpKWvaxiz,2038855292063268864.00000000000000000000,https://pbs.twimg.com/amplify_video_thumb/2038855166389280768/img/4q4LKyVwATHFoDHH.jpg,,in,,2,9,25,https://x.com/undefined/status/2038855292063268965,1645760230398242816.00000000000000000000,
2039102671190425856.00000000000000000000,Tue Mar 31 22:08:56 +0000 2026,1,#INFOTRANSJAKARTA | Layanan Mikrotrans JAK 102: Blok M - Lebak Bulus mengalami pengalihan rute dikarenakan adanya penutupan jalan di sekitar JL. Haji Nawi. Sementara arah Blok M tidak melayani Bus Stop Griya Haji Nawi s/d Bus Stop Sbr ITC Fatmawati. Pantau informasi terkini https://t.co/6E2Mc6lJGr,2039102671190425856.00000000000000000000,https://pbs.twimg.com/media/HExZD_cbsAAfiNw.jpg,,in,,0,0,0,https://x.com/undefined/status/2039102671190425930,104556071,
2039059606685823232.00000000000000000000,Tue Mar 31 19:17:48 +0000 2026,1,#INFOTRANSJAKARTA | Koridor 4: Pulo Gadung - Galunggung di halte Utan Kayu arah Galunggung beroperasi kembali melayani pelanggan tanpa pengalihan. Pantau informasi terkini layanan Transjakarta melalui X: pt_transjakarta instagram: infotije pt_transjakarta ataupun aplikasi https://t.co/1GLZU2NEU5,2039059606685823232.00000000000000000000,https://pbs.twimg.com/media/HEwx4BsaQAAh2-D.jpg,,in,,0,0,0,https://x.com/undefined/status/2039059606685823246,104556071,
2039124536097218816.00000000000000000000,Tue Mar 31 23:35:49 +0000 2026,3,#INFOTRANSJAKARTA | Rute S11 S61 T11 dan T12 mengalami keterlambatan kedatangan dikarenakan adanya kepadatan lalulintas di sekitar rest area KM 13 Tol Tangerang - Jakarta arah Jelambar. Hati hati di jalan ya Sahabat Tije. Pantau informasi terkini layanan Transjakarta melalui X,2039124536097218816.00000000000000000000,,,in,,0,0,0,https://x.com/undefined/status/2039124536097218696,104556071,
2038930052881252352.00000000000000000000,Tue Mar 31 10:43:00 +0000 2026,0,Terima kasih Pak Pramono Anung untuk Transjakarta rute SH2 nya https://t.co/d0P4WpoS4N,2038930052881252352.00000000000000000000,https://pbs.twimg.com/media/HEu8EE8boAE8jj6.jpg,,in,,0,0,0,https://x.com/undefined/status/2038930052881252383,1790551860702846976.0000000000000000000,
2038949013630972416.00000000000000000000,Tue Mar 31 11:58:21 +0000 2026,0,TJ-0529 empuk banget suspensinya. Kenapa unit EV keras banget ya suspensinya? @PT_Transjakarta,2038949013630972416.00000000000000000000,,,in,,0,1,0,https://x.com/undefined/status/2038949013630972288,1848608974440136704.00000000000000000000,
2039000195032359424.00000000000000000000,Tue Mar 31 15:21:43 +0000 2026,2,#INFOTRANSJAKARTA | Koridor 4: Pulo Gadung - Galunggung mengalami pengalihan rute dikarenakan adanya pekerjaan LRT di sekitar Halte Pramuka Sari. Sementara arah Galunggung tidak melayani Halte Utan Kayu. Pantau informasi terkini layanan Transjakarta melalui X: pt_transjakarta https://t.co/6MUtdzzaY2,2039000195032359424.00000000000000000000,https://pbs.twimg.com/media/HEv73EEasAALgCb.jpg,,in,,0,0,0,https://x.com/undefined/status/2039000195032359323,104556071,
2039016147232960768.00000000000000000000,Tue Mar 31 16:31:46 +0000 2026,0,@gothsenju @gothsenju Hai Kak. Rute 2A melayani pemberhentian di Halte Balai Kota dan Halte Roxy ya. Untuk informasi lengkap mengenai rute tracking bus dan perencanaan perjalanan dapat diakses melalui aplikasi TJ:Transjakarta. Terima kasih. ^LK https://t.co/y5MJQULDQt,2039017821641043968.0000000000000000000,https://pbs.twimg.com/media/HEwL5ysagAAkZtZ.jpg,gothsenju,in,,0,0,0,https://x.com/undefined/status/2039017821641044053,104556071,
2039124106545975296.00000000000000000000,Tue Mar 31 23:39:11 +0000 2026,0,@tinnietus @tinnietus Hai Kak mohon maaf telah menunggu. Hal ini akan menjadi bahan evaluasi kami kembali untuk meningkatkan kualitas pelayanan bagi seluruh pengguna layanan Transjakarta. Terima kasih ^EC,2039125385204613632.00000000000000000000,,tinnietus,in,,0,1,0,https://x.com/undefined/status/2039125385204613511,104556071,
2039024994941018112.00000000000000000000,Tue Mar 31 17:00:16 +0000 2026,2,makasih ity udah kerja keras jadi mamang bajaj supir tj dan nahkoda kapal chraila https://t.co/x6WxjlQBzh,2039024994941018112.00000000000000000000,https://pbs.twimg.com/amplify_video_thumb/2038970142382854144/img/LORJXx4u_ZbDnSZL.jpg,,in,,0,0,1,https://x.com/undefined/status/2039024994941018153,1728374339630985216.00000000000000000000,
2039023483737550848.00000000000000000000,Tue Mar 31 22:18:42 +0000 2026,0,@Agniaa96 @Agniaa96 Hai Kak kakak dapat menggunakan rute 5F atau 6D dari Bus Stop Pal Batu 3 dan silakan turun di Bus Stop Lotte Mall Kuningan 1 ya Kak. Untuk informasi lengkap mengenai rute tracking bus dan perencanaan perjalanan dapat diakses melalui aplikasi TJ:Transjakarta. Terima,2039105129060905472.00000000000000000000,,Agniaa96,in,,0,0,0,https://x.com/undefined/status/2039105129060905446,104556071,
2038905004694876416.00000000000000000000,Tue Mar 31 09:03:28 +0000 2026,0,halo ka kalo dari cibubur junction ke st. jatinegara rute nya naik apa ya? @PT_Transjakarta,2038905004694876416.00000000000000000000,,,in,,0,3,0,https://x.com/undefined/status/2038905004694876297,1471754383532515328.00000000000000000000,
2038879982085357824.00000000000000000000,Tue Mar 31 07:24:02 +0000 2026,0,kenapa yaa skrg kalo naik transjakarta jd merasa menyedihkan bgt padahal di taiwan kemana mana juga naik bus even naik sepeda pun gw jabanin. tapi pas di taiwan tuh nggak terasa menyedihkan. pas di jkt tuh rasanya kok kaya paling menderita bgt padahal engga :))),2038879982085357824.00000000000000000000,,,in,,0,0,0,https://x.com/undefined/status/2038879982085357880,1495701220484255744.00000000000000000000,
2038945083521900544.00000000000000000000,Tue Mar 31 11:42:44 +0000 2026,0,Kenapa underpass kuningan untuk arah Kuningan ke Tendean selalu dintutup Polisi selalu ada polisi jaga disitu apa ngga tahu ada TJ L13E yg penuh penumpang harus nunggu sampai 1 jam tanpa gerak @PT_Transjakarta @DivHumas_Polri @TMCPoldaMetro,2038945083521900544.00000000000000000000,,,in,,0,1,0,https://x.com/undefined/status/2038945083521900606,174485712,
2038593673093624064.00000000000000000000,Tue Mar 31 08:26:12 +0000 2026,0,@No_Nyampah @PT_Transjakarta @DKIJakarta @dishubjakarta @pramonoanung Halo Sobat Lantas. Terima kasih atas informasinya kami akan segera menindaklanjuti terkait parkir liar di Wilayah tersebut yang menyebabkan kemacetan. Apabila ada informasi saran dan masukan dapat menghubungi kami melalui Hotline 110. Salam Presisi.,2038895623278399488.00000000000000000000,,No_Nyampah,in,,0,1,0,https://x.com/undefined/status/2038895623278399522,76647722,
2038910740573442560.00000000000000000000,Tue Mar 31 09:26:16 +0000 2026,0,kocaggh sebel bgt bolak balik ojol segede gitu mending tikum di st cawang baru ke tebet eco park nya barengan lebih murah sebelum dari cawang? ya pake emoney masing² dong atau sekalian aja naik tj sama jaklingko jirr jgn manja ini di TEBET,2038910740573442560.00000000000000000000,,,in,,0,0,0,https://x.com/undefined/status/2038910740573442516,1398753575723929600.00000000000000000000,
2038928785756782848.00000000000000000000,Tue Mar 31 10:37:58 +0000 2026,0,yang bisa dipegang setiap hari cuma iman sama gantungan tj,2038928785756782848.00000000000000000000,,,in,,0,0,0,https://x.com/undefined/status/2038928785756782835,2185991364,
2038894487037206784.00000000000000000000,Tue Mar 31 08:21:41 +0000 2026,0,Ke mana2 transportasinya pake gojek/gocar padahal ada tj &amp; krl mevvah sekali ya tangmentang pake duit coer. Terus itu lu beli es batu mulu napasi ada yg palanya bocor kah?,2038894487037206784.00000000000000000000,,,in,,0,0,0,https://x.com/undefined/status/2038894487037206756,139595892,
2038936475715444992.0000000000000000000,Tue Mar 31 11:08:32 +0000 2026,0,Ketemu stranger ber-CC Gemini di TJ 4 @simaynis,2038936475715444992.0000000000000000000,,,in,,1,1,0,https://x.com/undefined/status/2038936475715445099,1681608674849198080.00000000000000000000,
2038918830026834176.00000000000000000000,Tue Mar 31 09:58:25 +0000 2026,0,lift halte bundaran senayan benerin donggg kasian yg prioritas lift arah menara mandiri udh dari bulan puasa kemaren ga dibener2in lift yg arah gbk dari kapan tau dah ruh ga bener AYOOOO DONG JGN DIKORUP LAH @BinaMargaDKI @PT_Transjakarta,2038918830026834176.00000000000000000000,,,in,,0,0,0,https://x.com/undefined/status/2038918830026834085,1435075524,
2038887830945173760.00000000000000000000,Tue Mar 31 07:55:14 +0000 2026,0,tmii ke tebet aje gocar astagaaaa padahal ada tj 7d lu pp cuma 7 ribu. terus dari tebet ke st cawang jg gocar idihhhh kata gw mah padahal ada jaklingko yg gretong ataupun jalan jg kaga nyampe 15 menit egeee,2038887830945173760.00000000000000000000,,,in,,0,0,0,https://x.com/undefined/status/2038887830945173838,721680913818476544.00000000000000000000,
2038901199546843392.00000000000000000000,Tue Mar 31 08:48:21 +0000 2026,0,Wkwk panitianya gabisa naik tj aja ,2038901199546843392.00000000000000000000,,,in,,0,0,0,https://x.com/undefined/status/2038901199546843514,1643363304142966784.00000000000000000000,
2038977214939869440.00000000000000000000,Tue Mar 31 14:14:43 +0000 2026,0,@finishzing @finishzing Hai Kak. Bisa menaiki D21 Universitas Indonesia - Lebak Bulus dan rute 7A Kp. Rambutan - Lebak Bulus. Untuk mengetahui posisi bus dan fitur perencanaan perjalanan dapat mengunduh aplikasi TJ:Transjakarta. Terima kasih ^TA,2038983330520322048.0000000000000000000,,finishzing,in,,0,0,0,https://x.com/undefined/status/2038983330520322090,104556071,
2039001936868045056.00000000000000000000,Tue Mar 31 15:28:39 +0000 2026,2,#INFOTRANSJAKARTA | Koridor 4: Pulo Gadung - Galunggung mengalami pengalihan rute dikarenakan adanya pekerjaan LRT di sekitar Halte Pasar Rumput. Sementara arah Pulo Gadung tidak melayani Halte Pasar Rumput dan Halte Manggarai. Pantau informasi terkini layanan Transjakarta https://t.co/8Z5quQvK9U,2039001936868045056.00000000000000000000,https://pbs.twimg.com/media/HEv9bCEaMAALxTu.jpg,,in,,0,0,0,https://x.com/undefined/status/2039001936868045174,104556071,
2038948709493600256.00000000000000000000,Tue Mar 31 11:57:08 +0000 2026,1,Min @PT_Transjakarta bis BMP-220297 panas bener dah dicek yak,2038948709493600256.00000000000000000000,,,in,,0,1,0,https://x.com/undefined/status/2038948709493600329,66088643,
2038913165845819648.00000000000000000000,Tue Mar 31 09:35:54 +0000 2026,0,WKWK dia gocar bolak-balik sedangkan gw dengan kesadaran penuh bawa freebies satu tas jinjing untuk 60 orang dr Bintaro - Tebet Eco naik tj dan masih jalan kaki lagi ke Tebet Eco Park️️️️,2038913165845819648.00000000000000000000,,,in,,0,1,0,https://x.com/undefined/status/2038913165845819697,1144967029822066688.00000000000000000000,
2039085543128997888.00000000000000000000,Tue Mar 31 21:00:52 +0000 2026,13,nxirrini keto kurva nga bigu se jau kan degjeneru rmisonin vitin tj kan me u rraf e keni per ti majt mrena #bbvipal5,2039085543128997888.00000000000000000000,,,in,,0,0,0,https://x.com/undefined/status/2039085543128997931,1376284483440275456.00000000000000000000,
2038916271329407232.00000000000000000000,Tue Mar 31 09:48:14 +0000 2026,2,bantu rt pls KEHILANGAN HP SAMSUNG S23 fe warna hitam no case di TJ Rute Blok M - Kota. posisi hp dari lacakan terakhir di blok M. kalau nemuin ku kasih imbalan,2038916271329407232.00000000000000000000,,,in,,2,0,11,https://x.com/undefined/status/2038916271329407179,1292346531740172288.00000000000000000000,
2038894371886735872.00000000000000000000,Tue Mar 31 08:21:13 +0000 2026,0,hari hari kartu tj ilang ️,2038894371886735872.00000000000000000000,,,in,,0,0,0,https://x.com/undefined/status/2038894371886735854,1488598628801585152.00000000000000000000,
2039016114412482560.00000000000000000000,Tue Mar 31 16:24:59 +0000 2026,0,gua merasa bersalah bngt ngilangin ktm abang gua YA UDH GK KEPAKE SIH GUA PSKE BUAT NAIK TJ TP TTP AJAAA NAMA DIA TERPAMPANG GT GUA TAKUT DIAPA APAIN :(,2039016114412482560.00000000000000000000,,,in,,0,2,0,https://x.com/undefined/status/2039016114412482592,1797689993978433536.00000000000000000000,
2038919044594798848.00000000000000000000,Tue Mar 31 09:59:16 +0000 2026,0,manajemen sampah @PT_Transjakarta kontol2 nunggu jak 40 aja ngabisin waktu gw lu anjing @PT_Transjakarta MANAJEMEN WAKTU LUUUU..... WAKTU BERHARGA GW KEBUANGGG MONYEEEEETTTTTT @PT_Transjakarta,2038919044594798848.00000000000000000000,,,in,,0,1,0,https://x.com/undefined/status/2038919044594798928,1010719388763242496.00000000000000000000,
2038961207366058240.00000000000000000000,Tue Mar 31 12:46:48 +0000 2026,0,finally ada yang sepemikiran. past life yang dihindari youngwoo is his mafia life not tj ,2038961207366058240.00000000000000000000,,,in,,0,0,0,https://x.com/undefined/status/2038961207366058281,938409475911774208.00000000000000000000,
2039113426816082432.00000000000000000000,Tue Mar 31 22:51:40 +0000 2026,0,min dari flyover raya bogor mau ke aeon tanjung barat gimana? @PT_Transjakarta,2039113426816082432.00000000000000000000,,,in,,0,3,0,https://x.com/undefined/status/2039113426816082326,1014254648948023296.00000000000000000000,
2038897937342980352.00000000000000000000,Tue Mar 31 08:35:23 +0000 2026,0,demi allah segala gojek jajanan dan kuota lu LPJin jg allahuakbar... apa iya kmrn pas bikin event gw hrs LPJin ongkos tj gw ke blok m pangpol dan biaya teazzi gw?????,2038897937342980352.00000000000000000000,,,in,,0,1,0,https://x.com/undefined/status/2038897937342980307,1134662565680672768.00000000000000000000,
2038904144724185344.00000000000000000000,Tue Mar 31 09:00:03 +0000 2026,1,Hallo min @PT_Transjakarta 7D apakah brhenti di nizamia andalusia ya?,2038904144724185344.00000000000000000000,,,in,,0,1,0,https://x.com/undefined/status/2038904144724185323,77529396,
2038893179752313088.00000000000000000000,Tue Mar 31 08:16:29 +0000 2026,0,Enakk juga kalau bisa pulang jam segini tj kosong dapet duduk masih cerah nggak macet https://t.co/ALGRagyOmt,2038893179752313088.00000000000000000000,https://pbs.twimg.com/media/HEuad6LawAA7nvH.jpg,,in,,0,0,0,https://x.com/undefined/status/2038893179752313199,1660610635837898752.00000000000000000000,
2039004699140272640.00000000000000000000,Tue Mar 31 15:39:37 +0000 2026,0,tergantunggg kalau daerah kantornya deket transportasi umum aku bakal cari kost yang masih dijangkau tj meskipun agak jauh yang penting lebih murah paling engga di angka 1 3 - 1 5 jt. tapi kalau kantornya ga tj friendly aku mending ambil yang 2jt all in,2039004699140272640.00000000000000000000,,,in,,0,0,0,https://x.com/undefined/status/2039004699140272538,1122877352814399488.00000000000000000000,
2039110781036642304.00000000000000000000,Tue Mar 31 22:41:09 +0000 2026,1,Min @PT_Transjakarta pliss supir jaklingko di traininggg emang gratis sihh tp tarohannya nyawa ngebut terobos lampu merah di jalan gede.. KPM-1600 jam 05.30 kp melayu- pulogadung jak lingko 41,2039110781036642304.00000000000000000000,,,in,,0,1,0,https://x.com/undefined/status/2039110781036642388,1039733118171860992.0000000000000000000,
2038999345522241792.00000000000000000000,Tue Mar 31 15:18:21 +0000 2026,3,#INFOTRANSJAKARTA | Koridor 4: Pulo Gadung - Galunggung mengalami pengalihan rute dikarenakan adanya pekerjaan LRT di sekitar Flayover Pramuka sisi selatan. Sementara Halte Matraman tidak melayani pelanggan. Pantau informasi terkini layanan Transjakarta melalui X:,2038999345522241792.00000000000000000000,,,in,,0,0,0,https://x.com/undefined/status/2038999345522241908,104556071,
2019752295123279872.00000000000000000000,Tue Mar 31 13:47:39 +0000 2026,0,@ajaydoank @ajaydoank Hai kak. Nantikan informasi terkait layanan Transjakarta melalui media sosial Transjakarta. Pantau informasi terkini layanan Transjakarta melalui X: pt_transjakarta instagram: infotije pt_transjakarta ataupun aplikasi TJ:Transjakarta. Terima kasih ^TA,2038976519780147712.00000000000000000000,,ajaydoank,in,,0,0,0,https://x.com/undefined/status/2038976519780147606,104556071,
2038882269671419904.00000000000000000000,Tue Mar 31 07:33:09 +0000 2026,0,Yuk cek lebih lanjut di slide berikut dan manfaatkan fasilitas ini untuk mobilitas yang lebih mudah #JakartaSmartCity #KartuLayananGratis #Transjakarta #SmartMobility #TransportasiJakarta https://t.co/tQ64FFwf2o,2038882274679341312.00000000000000000000,https://pbs.twimg.com/media/HEuQPcnaUAEs3J6.jpg,jkt_smartcity,in,,0,0,0,https://x.com/undefined/status/2038882274679341423,3105912422,
2039008113232363776.00000000000000000000,Tue Mar 31 15:53:11 +0000 2026,0,Biasanya otw office naik LRT setelah pindahan kost aksesnya cuma TJ gak kuat kejebak macet terus,2039008113232363776.00000000000000000000,,,in,,0,0,0,https://x.com/undefined/status/2039008113232363880,2038330045203152896.00000000000000000000,
2038875139195158528.00000000000000000000,Tue Mar 31 07:04:48 +0000 2026,0,Terima kasih sumba dan semua orang-orang baik yg ada didalemnya pamit undur diri dulu sampai jumpa lain waktu,2038875139195158528.00000000000000000000,,,in,,0,0,0,https://x.com/undefined/status/2038875139195158543,748405147299000320.00000000000000000000,
2038941649473315328.00000000000000000000,Tue Mar 31 11:29:05 +0000 2026,0,udah tau gaada uang tibang dari tmii ke eco park aja naik gocar padahal bisa naik tj???,2038941649473315328.00000000000000000000,,,in,,0,1,0,https://x.com/undefined/status/2038941649473315204,1959468834257276928.00000000000000000000,
2038933240384475136.00000000000000000000,Tue Mar 31 10:55:40 +0000 2026,0,nangis gw ajg di tj,2038933240384475136.00000000000000000000,,,in,,0,1,0,https://x.com/undefined/status/2038933240384475240,1422101564211167232.00000000000000000000,
2038958593526141440.00000000000000000000,Tue Mar 31 12:36:25 +0000 2026,15,pas udah di halte TJ ditelp sama dia. : ry temenein gw makan malem bareng : oke langsung tap out dan meluncur nemenin dia makan. sejak kuliah ga pernah berubah one call away aku mah https://t.co/ElH6EdMSGz,2038958593526141440.00000000000000000000,https://pbs.twimg.com/media/HEvWAioaQAEG20c.jpg,,in,,0,0,0,https://x.com/undefined/status/2038958593526141379,1958409128994594816.00000000000000000000,
2038884506325905408.00000000000000000000,Tue Mar 31 07:42:01 +0000 2026,0,bayangin ntar bikin event kan bisa tf ke mandiri/bca/seabank trus diitung juga tuh biaya adm bank itu trus adm top up spay biaya tf mandiri-bca top up emoney buat tj krl : )) lagian survey doang naik ojek mana jauh lagi bejirrrrr,2038884506325905408.00000000000000000000,,,in,,0,0,0,https://x.com/undefined/status/2038884506325905489,996075750611550208.00000000000000000000,
2038732164473450752.00000000000000000000,Mon Mar 30 21:36:40 +0000 2026,0,Naik TJ aja apa ya kalo bensin naik wkwk,2038732164473450752.00000000000000000000,,,in,,0,0,0,https://x.com/undefined/status/2038732164473450801,1353662772,
2038862371305984256.00000000000000000000,Tue Mar 31 06:14:04 +0000 2026,0,kewkwk paling gede biaya pribadi lagi kenapasi harus gojek? pdhl ada transum:). ke tebet bisa pake krl atau lrt ke tmiik bisa pake tj :),2038862371305984256.00000000000000000000,,,in,,0,0,0,https://x.com/undefined/status/2038862371305984137,1126101213362044928.00000000000000000000,
2038955645874086144.00000000000000000000,Tue Mar 31 12:24:42 +0000 2026,0,gue naik tj 6t berdiri diblkg mabokk. kampung bgt y,2038955645874086144.00000000000000000000,,,in,,0,0,0,https://x.com/undefined/status/2038955645874086020,138015798,
2038967728271454208.00000000000000000000,Tue Mar 31 13:12:43 +0000 2026,2,Edisi terjebak di halte Tj #SadeWalk https://t.co/6DtfcBBmIa,2038967728271454208.00000000000000000000,https://pbs.twimg.com/media/HEveVbNasAAjDpC.jpg,,in,,0,0,0,https://x.com/undefined/status/2038967728271454232,1373204336914751488.00000000000000000000,
2038964615581999360.00000000000000000000,Tue Mar 31 13:00:21 +0000 2026,0,gw suka naik jaklingko tp deket kantor gw ga dipasang bus stop padahal kalo liat dr apk tj tuh ada stop di situ jadinya suka dilewatin bjir sama supirnya padahal udh gw cegat tp kadang suka ada supir yg baik mau berhenti bahkan nungguin gw jalan masuk jaklingko,2038964615581999360.00000000000000000000,,,in,,0,0,0,https://x.com/undefined/status/2038964615581999362,1230006133143687168.00000000000000000000,
2039098033607241728.00000000000000000000,Tue Mar 31 21:50:30 +0000 2026,0,gw trauma bgt motoran dr cawang ke tj duren pas rush hour ya allah mau nangis aja mana pp balik jam 10 malem pun pancoran ttp macet ,2039098033607241728.00000000000000000000,,,in,,0,1,0,https://x.com/undefined/status/2039098033607241850,754007509015285760.00000000000000000000,
2038957897783365888.00000000000000000000,Tue Mar 31 12:33:39 +0000 2026,0,Masuk jg ke akun ini wkwk btw baru ngeh itu admin begaya bgt pake gocar segala pdhl ada opsi buat naik transum &amp; ga sesusah itu mksd gue ini jkt loh brayy apalagi tebet mau mrt lrt krl tj tinggal pilih trs itu harga2 makanannya ga masuk akal bgt ,2038957897783365888.00000000000000000000,,,in,,0,0,0,https://x.com/undefined/status/2038957897783365876,721757749,
2038825210636615936.00000000000000000000,Tue Mar 31 03:46:24 +0000 2026,0,Halo min @PT_Transjakarta kalau naik 5M dari arah tanah abang bisa turun langsung di halte depan perpusnas ga ya? Makasih min,2038825210636615936.00000000000000000000,,,in,,0,2,0,https://x.com/undefined/status/2038825210636615875,1843420632903757824.00000000000000000000,
2038884951307997440.00000000000000000000,Tue Mar 31 07:43:47 +0000 2026,0,haha ada TJ lewat situ juga buat belok hadeh yg begini kebiasaan bikin macett,2038884951307997440.00000000000000000000,,,in,,0,0,0,https://x.com/undefined/status/2038884951307997377,1682757287969177600.00000000000000000000,
2038974426159722752.00000000000000000000,Tue Mar 31 13:44:23 +0000 2026,0,@identicalight @identicalight Hai kak. Layanan Transjakarta Rute B51 Cikarang - Cawang beroperasi normal melayani pelanggan dari pukul 05:00 - 22:00 WIB. Untuk informasi rute tracking bus dan perencanaan perjalanan dapat diakses melalui aplikasi TJ: Transjakarta. Terima kasih.^EG,2038975699223245056.00000000000000000000,,identicalight,in,,0,0,0,https://x.com/undefined/status/2038975699223245158,104556071,
2039023483737550848.00000000000000000000,Tue Mar 31 17:11:52 +0000 2026,0,@Agniaa96 @Agniaa96 Hai Kak. Silakan naik kor. 9 dan transit di Halte Simpang Kuningan lanjut dengan rute L13E dan transit di Halte Kuningan lanjut dengan rute 6K dan silakan Kakak dapat turun di Bus Stop Lotte Mall Kuningan 1. Terima kasih. ^LK,2039027912071164160.00000000000000000000,,Agniaa96,in,,0,1,0,https://x.com/undefined/status/2039027912071164165,104556071,
2039119044398489600.00000000000000000000,Tue Mar 31 23:22:30 +0000 2026,0,@sefiiin @sefiiin Hai Kak terkait pengajuan Pin Prioritas yang belum mendapatkan konfirmasi mohon diinformasikan nama alamat email dan nomor telepon. Silakan kirimkan melalui DM ya. Terima kasih ^LL,2039121186966348032.0000000000000000000,,sefiiin,in,,0,1,0,https://x.com/undefined/status/2039121186966348150,104556071,
2038985791683367424.00000000000000000000,Tue Mar 31 15:11:02 +0000 2026,0,@AlexanderDenjo Hai Kak @AlexanderDenjo. Jika ingin menuju Mall Kota Kasablanka menggunakan MRT Jakarta dari Stasiun Lebak Bulus Bank Syariah Indonesia Kakak dapat turun di Stasiun Bendungan Hilir kemudian melanjutkan perjalanan menuju Mall Kota Kasablanka dengan menggunakan Transjakarta arah,2038997506554843392.00000000000000000000,,AlexanderDenjo,in,,0,0,0,https://x.com/undefined/status/2038997506554843393,78847590,
2038969537664823808.00000000000000000000,Tue Mar 31 13:40:36 +0000 2026,0,@jurnaldhena @jurnaldhena Hai Kakak. Silahkan menaiki rute 13E lalu turun di halte CSW lalu berpindah menggunakan ke halte Kejaksaan Agung dan menggunakan koridor 1 Blok M - Kota. Untuk mengetahui posisi bus dan fitur perencanaan perjalanan dapat mengunduh aplikasi TJ:Transjakarta. Terima,2038974747380420608.00000000000000000000,,jurnaldhena,in,,0,0,0,https://x.com/undefined/status/2038974747380420734,104556071,
2038985351713419264.00000000000000000000,Tue Mar 31 14:22:45 +0000 2026,0,WKWKKWKWKWK NYAMPE AKUN TJ love transum,2038985351713419264.00000000000000000000,,,in,,0,0,0,https://x.com/undefined/status/2038985351713419357,1723042979819266048.0000000000000000000,
2038951487309795328.00000000000000000000,Tue Mar 31 12:08:11 +0000 2026,0,papasan sama tj jd kepo deh,2038951487309795328.00000000000000000000,,,in,,0,0,0,https://x.com/undefined/status/2038951487309795344,1795472045637308416.00000000000000000000,
2038650801275732480.00000000000000000000,Mon Mar 30 16:13:21 +0000 2026,0,Biasanya tiap selasa tuh jadwal paling santai tpi sem ini SANGAT JELEK. BERANGKAT PAGI PULANG MALEM DAN BERAKHIR MENJADI GEPREK DI TJ,2038650801275732480.00000000000000000000,,,in,,0,0,0,https://x.com/undefined/status/2038650801275732415,1493428726167932928.00000000000000000000,
2038970468494135296.00000000000000000000,Tue Mar 31 13:24:44 +0000 2026,0,admin yg rumahnye ciledug sinilah gw guide-in rute rute busway dari cbd apa purbet bebas ga mungkin jg elu gapernah naik busway sih,2038970754008809984.000000000000000000,,hidenread,in,,0,0,0,https://x.com/undefined/status/2038970754008809954,1329808579134558208.00000000000000000000,
2038976897602949376.00000000000000000000,Tue Mar 31 13:49:09 +0000 2026,0,Etmin TJ sudah berbicara,2038976897602949376.00000000000000000000,,,in,,0,0,0,https://x.com/undefined/status/2038976897602949262,1874132897747394560.00000000000000000000,
2038774641834242048.0000000000000000000,Tue Mar 31 00:25:27 +0000 2026,0,Gue pagi pagi dah rasanya pen muntah dan pusing gara gara pms. Bahkan hampir pingsan di TJ saking pusingnya ,2038774641834242048.0000000000000000000,,,in,,0,1,0,https://x.com/undefined/status/2038774641834242059,1918480234636296192.00000000000000000000,
2038900336379977984.0000000000000000000,Tue Mar 31 08:44:55 +0000 2026,0,tmii ke tebet bisa naik tj no 9 padahal. Cuma 3.500,2038900336379977984.0000000000000000000,,,in,,0,0,0,https://x.com/undefined/status/2038900336379978098,246631629,
2039007143639326720.00000000000000000000,Tue Mar 31 15:49:20 +0000 2026,0,Tiap hr di jaklingko/tj mode loop,2039007143639326720.00000000000000000000,,,in,,0,0,0,https://x.com/undefined/status/2039007143639326789,708432817,
2045049785015738880.00000000000000000000,Fri Apr 17 08:06:08 +0000 2026,1,@penatsudahh Egk kk ak gi di tj https://t.co/OAEFt8tMUy,2045051167068364800.00000000000000000000,https://pbs.twimg.com/media/HGF7MWPasAAil_X.jpg,penatsudahh,ht,,0,0,0,https://x.com/undefined/status/2045051167068364803,2012799614106374144.00000000000000000000,
2038923803208855808.00000000000000000000,Tue Mar 31 10:18:10 +0000 2026,0,Se absurd2 nya naik TJ paling absurd disapa petugas yg pake toa bilang gini are you ready??? Go ,2038923803208855808.00000000000000000000,,,in,,0,0,0,https://x.com/undefined/status/2038923803208855873,1625341836079562752.00000000000000000000,
2038949957328400640.00000000000000000000,Tue Mar 31 12:02:06 +0000 2026,0,Tolong alat tap di bus dan halte disinkronkan @PT_Transjakarta Supaya kalau naik bis yang bisa berhenti di pinggir dan di halte tidak terbaca 2x tap in dan jadi terpotong 2kali,2038949957328400640.00000000000000000000,,,in,,0,1,1,https://x.com/undefined/status/2038949957328400611,422395463,
2038934193540075776.00000000000000000000,Tue Mar 31 10:59:27 +0000 2026,0,engga lagi lagi dah naik busway ke Lebak Bulus di jam rush hour,2038934193540075776.00000000000000000000,,,in,,0,1,0,https://x.com/undefined/status/2038934193540075878,1331016084,
2039014028090167296.00000000000000000000,Tue Mar 31 16:16:42 +0000 2026,1,Bukan cuma sekali dua kali kejadian kaca pecah di antrian 6V. EVALUASI HEADWAY 6V DI RAGUNAN! @PT_Transjakarta Udah kejadian berkali² masih aja parkir mundur di Ragunan.,2039014028090167296.00000000000000000000,,,in,,0,0,0,https://x.com/undefined/status/2039014028090167414,589862686,
2039130040840176128.00000000000000000000,Tue Mar 31 23:57:41 +0000 2026,0,Injury time banget ngetap tj masih 2rb wkwkwk,2039130040840176128.00000000000000000000,,,in,,0,0,0,https://x.com/undefined/status/2039130040840176054,93639441,
2038860469801512960.0000000000000000000,Tue Mar 31 06:06:30 +0000 2026,0,Yaileh gue udh gundah gulana takut macet segala macem ternyata halim - scbd cuma 20 menit non tol :) kenapa waktu itu gue naik tj bisa 1 5 jam yah .,2038860469801512960.0000000000000000000,,,in,,0,1,0,https://x.com/undefined/status/2038860469801513007,1520422794793988096.00000000000000000000,
2038940064856809472.00000000000000000000,Tue Mar 31 11:22:47 +0000 2026,2,Ada gila gilanya dr ciledug naik gojek WKWK gua aja kalo pergi ke sana naik tj,2038940064856809472.00000000000000000000,,,in,,0,0,0,https://x.com/undefined/status/2038940064856809563,1307202553,
2038906795159441664.00000000000000000000,Tue Mar 31 09:10:35 +0000 2026,0,Manja bgt tebet eco pake naik gocar. Ada TJ sama jaklingko padahal Itu apalagi Batagor tebet ,2038906795159441664.00000000000000000000,,,in,,0,0,0,https://x.com/undefined/status/2038906795159441614,518257466,
2038930983463084288.00000000000000000000,Tue Mar 31 10:46:42 +0000 2026,0,Tmi hari ini ntah knapa egk macet.. literli pulang + pergi tj nya egk kejebak macet.. ada aph yh ini,2038930983463084288.00000000000000000000,,,in,,0,2,0,https://x.com/undefined/status/2038930983463084279,1810325078015684608.00000000000000000000,
2039115405768401152.00000000000000000000,Tue Mar 31 22:59:32 +0000 2026,0,Gua baru masuk bus tj dan udh liat pemandangan agit 57 megang buku utbk,2039115405768401152.00000000000000000000,,,in,,0,1,0,https://x.com/undefined/status/2039115405768401217,1471036727271718912.00000000000000000000,
2038986572419449088.00000000000000000000,Tue Mar 31 14:27:36 +0000 2026,0,Mf lewat tl mulu huru hara enih cm bisa menghela nafas Ini panitianya gaada yg waras apa pada gadikasih tau isi RABnya sekonyol ini oh wahai batagor tebet Btw ciledug ecopark bisa naik tj lanjut jaklingko pp cm 7000,2038986572419449088.00000000000000000000,,,in,,0,2,0,https://x.com/undefined/status/2038986572419449013,3143258515,
2038950646205006080.00000000000000000000,Tue Mar 31 12:04:50 +0000 2026,0,pdhl naik tj kaga macet macet amat ga sampe 106 500,2038950646205006080.00000000000000000000,,,in,,0,0,0,https://x.com/undefined/status/2038950646205006130,1136235904937254912.00000000000000000000,
2038874987457851648.00000000000000000000,Tue Mar 31 07:04:12 +0000 2026,0,Buset mepet betul. Jakarta-Seoul terjangkau TJ ya,2038874987457851648.00000000000000000000,,,in,,0,0,0,https://x.com/undefined/status/2038874987457851732,1227994684724695040.0000000000000000000,
2038943952129401344.00000000000000000000,Tue Mar 31 11:38:14 +0000 2026,1,Si Karyawan TJ akhirnya grad dari TJ Terima kasih sepuh sudah membuat kami semua menjadi wota,2038943952129401344.00000000000000000000,,,in,,0,1,0,https://x.com/undefined/status/2038943952129401230,417430014,
2038883901180112896.00000000000000000000,Tue Mar 31 07:39:37 +0000 2026,0,GOCAR KE TEBET... ADA HALTE TJ BOTH DI TMII DAN JATIASIH (gw orang situ),2038883901180112896.00000000000000000000,,,in,,0,1,0,https://x.com/undefined/status/2038883901180113008,1301138754577469440.00000000000000000000,
2038901306593771776.00000000000000000000,Tue Mar 31 08:48:47 +0000 2026,0,Salah satu alasan kalo ke blok M mending bawa mobil parkir di mall sekalian - atau naik transport umum (MRT bisa transjakarta bisa). Daripada adu urat padahal niat mau healing -_-,2038901306593771776.00000000000000000000,,,in,,0,0,0,https://x.com/undefined/status/2038901306593771689,1012541507994206208.00000000000000000000,
2038884882982777088.00000000000000000000,Tue Mar 31 07:43:31 +0000 2026,0,ngegojek anying naik tj ege tj klo keberatan sm transport mah bukannya dimasukin ke pengeluaran event,2038884882982777088.00000000000000000000,,,in,,0,0,0,https://x.com/undefined/status/2038884882982777034,1468354649912901632.00000000000000000000,
2038883160038199552.00000000000000000000,Tue Mar 31 07:36:40 +0000 2026,0,ini ada ongkos gojek emang ngga pada pake tj kah? terus kenapa ditanggung pesertanya bjirr,2038883160038199552.00000000000000000000,,,in,,0,1,0,https://x.com/undefined/status/2038883160038199516,2250100434,
2038864552801296640.00000000000000000000,Tue Mar 31 06:22:44 +0000 2026,3,Saatnya apa ? Saatnya mencari pulihan lagi !!! . . Transjakarta PT Bayu Holong Persada BHP-220513 7D| KAMPUNG RAMBUTAN - TAMAN MINI - PANCORAN Hino RN 285 A/T Cityline 3 Laksana Caroserrie https://t.co/u0gdeqJDMJ,2038864552801296640.00000000000000000000,https://pbs.twimg.com/media/HEuAe86aYAAgfgU.jpg,,in,,1,0,0,https://x.com/undefined/status/2038864552801296552,195995659,
2038997920410988800.00000000000000000000,Tue Mar 31 15:12:41 +0000 2026,1,ini ga tau Jabodetabek mana soalnya luas tapi kalo akan banyak kegiatan di Jakarta saran saya beli KUE karena kamu mungkin butuh ini. di Jakarta transum (angkot TJ LRT MRT KRL) bayarnya pake ini. parkir di beberap tempat juga bayarnya cuma bisa pake ini (GBK misalnya). https://t.co/wjl6sbo1n4,2038997920410988800.00000000000000000000,https://pbs.twimg.com/media/HEvvBB3awAATmAe.png,,in,,0,1,0,https://x.com/undefined/status/2038997920410988822,68606413,
2045047571450605824.00000000000000000000,Fri Apr 17 07:51:50 +0000 2026,1,Vau sam res dejmo se borit prot davčni optimizaciji (tj. utaji davkov) s tem da jim sploh ne bo treba davkov plačat! Genialno!,2045047571450605824.00000000000000000000,,,sl,,0,2,0,https://x.com/undefined/status/2045047571450605838,1242768334841696256.00000000000000000000,
2038928801779077376.00000000000000000000,Tue Mar 31 10:38:02 +0000 2026,0,kata ak b25 banyakin bisnyah @ b25 @ transjakarta,2038928801779077376.00000000000000000000,,,in,,1,0,0,https://x.com/undefined/status/2038928801779077368,2475180602,
2038942289117184256.00000000000000000000,Tue Mar 31 15:21:09 +0000 2026,0,@arifmuharram Jangan tutup total. Bus TJ harusnya boleh masuk,2039000051566145536.00000000000000000000,,arifmuharram,in,,0,1,0,https://x.com/undefined/status/2039000051566145621,253948136,
2045020648167309824.00000000000000000000,Fri Apr 17 06:04:51 +0000 2026,1,#INFOTRANSJAKARTA | Layanan Mikrotrans JAK 23: Senen - Pisangan Baru saat ini sudah beroperasi normal kembali melayani pelanggan tanpa pengalihan. Pantau informasi terkini layanan Transjakarta melalui X instagram: infotije pt_transjakarta ataupun aplikasi TJ:Transjakarta. Mari,2045020648167309824.00000000000000000000,,,in,,0,0,0,https://x.com/undefined/status/2045020648167309808,104556071,
2038878644899291392.00000000000000000000,Tue Mar 31 07:18:44 +0000 2026,5,Ke bsd bisa by TJ gak sih?,2038878644899291392.00000000000000000000,,,in,,0,10,0,https://x.com/undefined/status/2038878644899291326,1548561160621789184.00000000000000000000,
2038947909220343808.00000000000000000000,Tue Mar 31 11:53:58 +0000 2026,150,sehat sehat pejuang gelap pagi ke gelap malam mau tepuk tepuk diri sendiri karna udah 1. berangkat naik mobil jam 5:20 drop mobil di kantor 2. lanjut tj turun di paling ujung 3. dari tj naik mikrotrans total pp kurleb 7 jam ️️ besok masih ngantor naik krl seperti biasa https://t.co/LTwvtE8k6N,2038947909220343808.00000000000000000000,https://pbs.twimg.com/media/HEvMT2-a0AAuhpo.jpg,,in,,0,8,4,https://x.com/undefined/status/2038947909220343888,1086092455554863104.00000000000000000000,
2038952686335533312.00000000000000000000,Tue Mar 31 12:12:56 +0000 2026,2,sekian lama naik tj kyknya baru tadi liat org #mytype bgt wow n this time i think it wasn t just the glasses‍️ 13 turunnya di csw jam 10am,2038952686335533312.00000000000000000000,,,in,,0,0,0,https://x.com/undefined/status/2038952686335533194,1560274769802829824.00000000000000000000,
2038900114773975552.00000000000000000000,Tue Mar 31 08:44:02 +0000 2026,0,Ini mah ajimumpung banget anjir kemana mana make gojek padahal bisa make trasum TMII - tebet eco park bisa naik busway 7D cuma 3500 ya,2038900114773975552.00000000000000000000,,,in,,0,0,0,https://x.com/undefined/status/2038900114773975531,1267593414381432832.00000000000000000000,
2038940374929195264.00000000000000000000,Tue Mar 31 11:24:01 +0000 2026,0,please baca anjir. meskipun gue tj side tapi gue juga nangis anjir pas adegan jo ditinggal ian. cuma ya gak gitu. dan satu lagi past life yang dimaksud di description wetsand itu bukan orangnya tapi situasinya which is the mafia life. please kasian anjir authornya disudutin,2038940374929195264.00000000000000000000,,,in,,0,0,0,https://x.com/undefined/status/2038940374929195202,938409475911774208.00000000000000000000,
2039129033938702592.00000000000000000000,Tue Mar 31 23:53:41 +0000 2026,1,Update BBM. Tidak ada kenaikan di harga Pertalite Stok ron 92 SPBU BP habis sisa ron 95. Mari naik angkutan umum #Transjakarta #D11 https://t.co/1W2kUdBSgd,2039129033938702592.00000000000000000000,https://pbs.twimg.com/media/HExxCkebwAA_Qnz.jpg,,in,,0,0,0,https://x.com/undefined/status/2039129033938702622,187667135,
2038978684691103744.00000000000000000000,Tue Mar 31 13:56:15 +0000 2026,0,Min @PT_Transjakarta kok tj di kejagung arah ke blok m bnyak tapi yg dari blok m gaada satupun?? Udah nunggu sejam lebih,2038978684691103744.00000000000000000000,,,in,,0,1,0,https://x.com/undefined/status/2038978684691103821,955571383,
2045054178242994432.00000000000000000000,Fri Apr 17 08:18:06 +0000 2026,7,gapunya emoney/brizzi/ecash jadi alasan orang ga naik transportasi umum presentasenya terbesar ke-2 https://t.co/5DQL81DZq6,2045054178242994432.00000000000000000000,https://pbs.twimg.com/media/HGF97ysbYAA69-i.jpg,,in,,0,4,0,https://x.com/undefined/status/2045054178242994450,1717188745227862016.0000000000000000000,
2038908199064276992.0000000000000000000,Tue Mar 31 09:16:10 +0000 2026,5,memeg tj tumben kok lama bgt ngentot klo naik mrt ini gua udh sampe,2038908199064276992.0000000000000000000,,,in,,0,0,0,https://x.com/undefined/status/2038908199064277050,1871810156981579776.00000000000000000000,
2038943440218800128.00000000000000000000,Tue Mar 31 11:36:12 +0000 2026,0,Kesempatan banget naik Ojek sana sini soalnya pake uang event. Padahal klo Panitia gk mau Rugi naik TJ cuma 3 5k naik kereta cuma 3k. Panitia klo Gak punya duit ya jangan Jajan klo mau jajan ya pake duit sendiri dong KISMIN BANGET Ups .,2038943440218800128.00000000000000000000,,,in,,0,1,0,https://x.com/undefined/status/2038943440218800223,1371246529097297920.00000000000000000000,
2038939900851171328.00000000000000000000,Tue Mar 31 11:22:08 +0000 2026,0,sering bgt kelewatan halte sampe ke halte ujung karna gampang bgt tdur di tj bahkan musik berisik skz tidak bisa mengalahkan gw yg tukang tdur di tj (even berdiri ttep tidur),2038939900851171328.00000000000000000000,,,in,,0,0,0,https://x.com/undefined/status/2038939900851171340,2006760099830968320.00000000000000000000,
2039124106545975296.00000000000000000000,Tue Mar 31 23:34:06 +0000 2026,0,woi banyakin 7F dong @PT_Transjakarta udah nunggu hampir setengah jam di cempaka putih ga dateng2 heran,2039124106545975296.00000000000000000000,,,in,,0,1,0,https://x.com/undefined/status/2039124106545975335,1625395213702430720.00000000000000000000,
2044993624438714624.00000000000000000000,Fri Apr 17 07:03:34 +0000 2026,1,@journalin @DKIJakarta Banyak premannya di JIS. Kalo GBK seenggaknya masih banyak satpam. Udh gitu transportasinya lebih aman mau pulang malem juga karena masih terang. Ada akses ke MRT TJ dan KRL. Sesek juga kalo di JIS tuh krn pemukiman padat penduduk. Pasti stuck berjam2 tuh buat keluar dr JIS.,2045035423324594432.00000000000000000000,,journalin,in,,0,1,0,https://x.com/undefined/status/2045035423324594439,1069991112,
2038812262602064128.00000000000000000000,Tue Mar 31 02:54:57 +0000 2026,0,.@PT_Transjakarta halo min kalo mau lapor kehilangan barang (kemungkinan) di TJ bisa kemana ya?,2038812262602064128.00000000000000000000,,,in,,0,1,0,https://x.com/undefined/status/2038812262602064007,1391092520419921920.00000000000000000000,
2038934663969075456.00000000000000000000,Tue Mar 31 11:01:20 +0000 2026,0,Lailahailallah jadi geprek. (Naik TJ),2038934663969075456.00000000000000000000,,,in,,0,6,0,https://x.com/undefined/status/2038934663969075418,2508616250,
2038901269382009088.00000000000000000000,Tue Mar 31 08:48:38 +0000 2026,0,ikut nimbrung because i see my home gua tau Makassar yg di maksud tuh Jaktim TAPI NAIK TJ ANJG TJ DARI JATIASIH ADA TJ 3.500 NAIK 9 TURUN DI MAKASSAR LANGSUNG ANJG WKWKWK naek gojek anjg ,2038901269382009088.00000000000000000000,,,in,,0,2,0,https://x.com/undefined/status/2038901269382008989,2009850764618018816.00000000000000000000,
2038997920410988800.00000000000000000000,Tue Mar 31 15:50:22 +0000 2026,0,Untuk kartu jaklingko yg kaya gini bisa dibeli di vending machine di halte TJ cuma sering goib. Kalo mau gampang mah beli online aja sekalian custom gambar https://t.co/oesMmZVKwL https://t.co/XtVovtAVYV,2039007402385953024.0000000000000000000,https://pbs.twimg.com/media/HEwCbLIbgAAIoaA.jpg,aijanuart,in,,0,0,0,https://x.com/undefined/status/2039007402385953002,68606413,
2044983451267604480.00000000000000000000,Fri Apr 17 03:37:03 +0000 2026,103,Bayangin aja sejak TJ tayang ketoprak mie sampe mobil yg mewah yg dipake Sena itu ikutan viral juga #TerikatJanji,2044983451267604480.00000000000000000000,,,in,,0,4,6,https://x.com/undefined/status/2044983451267604586,1505235474272894976.0000000000000000000,
2045017685323550976.0000000000000000000,Fri Apr 17 05:53:05 +0000 2026,3,Logo transjakarta,2045017685323550976.0000000000000000000,,,pl,,0,0,0,https://x.com/undefined/status/2045017685323550957,1136954697523220480.00000000000000000000,
2044944840656552448.00000000000000000000,Fri Apr 17 01:03:37 +0000 2026,36,Kmrn malam gak bisa nonton TJ pagi ini pun blm bisa nonton.. Aku yg tinggal nonton tiap hari kaya ribet nyari selah waktunya apalagi yg shooting tiap hari ya https://t.co/9Xe1h8UbBL,2044944840656552448.00000000000000000000,https://pbs.twimg.com/media/HGEafrVaYAA4lIP.jpg,,in,,0,0,1,https://x.com/undefined/status/2044944840656552425,546044486,
2039000808289927424.00000000000000000000,Tue Mar 31 15:24:10 +0000 2026,0,katanya mau ada next event sini Abang ajarin naik TJ 3.500 walaupun event ga di Tebet lagi gpp ak bantu jelasin kl ga paham DM aja dek Jatiasih &gt; Tebet ECO park (naik B41 dari Jatiasih kan? naik di komsen &gt; turun di cawang sentral langsung lanjut naik 9/9c/7D) - lanjut,2039000808289927424.00000000000000000000,,,in,,0,2,0,https://x.com/undefined/status/2039000808289927499,2009850764618018816.00000000000000000000,
2045014302894256128.00000000000000000000,Fri Apr 17 05:39:38 +0000 2026,1,Hari ini naik TJ dari karawaci ke Blok M suprisingly tol Jakarta - Merak lancar jaya,2045014302894256128.00000000000000000000,,,in,,0,1,0,https://x.com/undefined/status/2045014302894256212,1481898716621852672.00000000000000000000
